StartDate,EndDate,Status,IPAddress,Progress,Duration (in seconds),Finished,RecordedDate,ResponseId,RecipientLastName,RecipientFirstName,RecipientEmail,ExternalReference,ApproxLatitude,ApproxLongitude,DistributionChannel,UserLanguage,Q56,Q520,Q524,Q357,Q359,Q363,Q24,Q27,Q109,Q388,Q390,Q392,Q415,Q417,Q419,Q451,Q453,Q455,Q487,Q489,Q491,Q406,Q408,Q410,Q442,Q444,Q446,Q478,Q480,Q482,Q433,Q435,Q437,Q469,Q471,Q473,Q505,Q507,Q509,Q424,Q426,Q428,Q15,Q97,Q18,Q460,Q462,Q464,Q496,Q498,Q500,Q397,Q399,Q401,Q514,Q516,Q518,MTurkCode,source
2018-02-03T14:11:45Z,2018-02-03T14:15:39Z,IP Address,fc967c3d979befe18a844e4ba8a822e4,100,234,True,2018-02-03T14:15:40Z,R_1PZDRgnTRceodWa,55611e71b358a30158c61810ad802435,55611e71b358a30158c61810ad802435,55611e71b358a30158c61810ad802435,NA,42.14174478783534,-93.59159971171034,anonymous,EN,45 - 54,NA,College Graduate (Master's or Doctorate),NA,NA,NA,NA,NA,NA,NA,NA,NA,NA,NA,NA,NA,NA,NA,NA,NA,NA,NA,NA,NA,NA,NA,NA,NA,NA,NA,NA,NA,NA,NA,NA,NA,NA,NA,NA,15,7.5,15,10,3,7.5,10,35,8,28,18,20,40,15,3,20,15,8,55611e71b358a30158c61810ad802435,reddit
2018-02-03T16:44:18Z,2018-02-03T16:51:21Z,IP Address,fc967c3d979befe18a844e4ba8a822e4,100,423,True,2018-02-03T16:51:21Z,R_2a8pX5TjmsE2mBP,55611e71b358a30158c61810ad802435,55611e71b358a30158c61810ad802435,55611e71b358a30158c61810ad802435,NA,42.12789882227746,-93.61124037020699,anonymous,EN,45 - 54,NA,College Graduate (Master's or Doctorate),NA,NA,NA,NA,NA,NA,NA,NA,NA,NA,NA,NA,NA,NA,NA,NA,NA,NA,26,2,14,47,8,16,10,42,18,NA,5,8,12,20,10,33,NA,22,NA,NA,NA,NA,NA,NA,NA,NA,NA,NA,NA,NA,NA,NA,NA,NA,NA,NA,55611e71b358a30158c61810ad802435,reddit
2018-02-03T18:36:40Z,2018-02-03T18:39:53Z,IP Address,bbe52161b4bd18aa1873f047d23d9e22,100,193,True,2018-02-03T18:39:54Z,R_1nOvIRevPyt8WID,55611e71b358a30158c61810ad802435,55611e71b358a30158c61810ad802435,55611e71b358a30158c61810ad802435,NA,40.49173986880829,-95.83943132341113,anonymous,EN,25 - 34,NA,College Graduate (Master's or Doctorate),20,3,10,25,20,10,25,30,2,10,5,20,20,10,25,10,20,24,NA,NA,NA,NA,NA,NA,NA,NA,NA,NA,NA,NA,NA,NA,NA,NA,NA,NA,NA,NA,NA,NA,NA,NA,NA,NA,NA,NA,NA,NA,NA,NA,NA,NA,NA,NA,55611e71b358a30158c61810ad802435,reddit
2018-02-03T18:40:19Z,2018-02-03T18:44:06Z,IP Address,bbe52161b4bd18aa1873f047d23d9e22,100,227,True,2018-02-03T18:44:07Z,R_3M0g8kiXdNJlAVG,55611e71b358a30158c61810ad802435,55611e71b358a30158c61810ad802435,55611e71b358a30158c61810ad802435,NA,40.2668715721327,-95.75399346471016,anonymous,EN,25 - 34,NA,College Graduate (Master's or Doctorate),NA,NA,NA,NA,NA,NA,NA,NA,NA,NA,NA,NA,NA,NA,NA,NA,NA,NA,NA,NA,NA,NA,NA,NA,NA,NA,NA,NA,NA,NA,NA,NA,NA,NA,NA,NA,16,8,15,15,5,12,12,33,12,30,15,20,30,25,4,28,10,8,55611e71b358a30158c61810ad802435,reddit
2018-02-04T18:52:39Z,2018-02-04T18:56:01Z,IP Address,f1714d46007c2f119dce51bd60128e92,100,201,True,2018-02-04T18:56:02Z,R_2EsK0QikcSpwonq,55611e71b358a30158c61810ad802435,55611e71b358a30158c61810ad802435,55611e71b358a30158c61810ad802435,NA,51.26953345298713,6.822799278721052,anonymous,EN,18 - 24,NA,Some college education,NA,NA,NA,NA,NA,NA,NA,NA,NA,NA,NA,NA,NA,NA,NA,NA,NA,NA,NA,NA,NA,NA,NA,NA,NA,NA,NA,NA,NA,NA,NA,NA,NA,NA,NA,NA,NA,NA,NA,NA,NA,NA,15,33,10,30,15,23,37,NA,5,40,NA,10,55611e71b358a30158c61810ad802435,reddit
2018-02-04T18:58:36Z,2018-02-04T19:00:41Z,IP Address,b4f91465723242da4e4c112d6a832457,100,125,True,2018-02-04T19:00:42Z,R_3iOuW8kqnJsjWvO,55611e71b358a30158c61810ad802435,55611e71b358a30158c61810ad802435,55611e71b358a30158c61810ad802435,NA,41.689272110087835,-111.86387730743682,anonymous,EN,18 - 24,NA,Some college education,20,4,10,20,15,8,25,27,5,100,3,20,100,12,25,15,30,31,NA,NA,NA,NA,NA,NA,NA,NA,NA,NA,NA,NA,NA,NA,NA,NA,NA,NA,NA,NA,NA,NA,NA,NA,NA,NA,NA,NA,NA,NA,NA,NA,NA,NA,NA,NA,55611e71b358a30158c61810ad802435,reddit
2018-02-04T19:17:17Z,2018-02-04T19:23:50Z,IP Address,19d433a9a00186ec0b73e2ad00e3b9c6,100,393,True,2018-02-04T19:23:52Z,R_2qxhvgZWWaxToIQ,55611e71b358a30158c61810ad802435,55611e71b358a30158c61810ad802435,55611e71b358a30158c61810ad802435,NA,52.05316285244624,4.776633561838842,anonymous,EN,18 - 24,NA,College Graduate (Master's or Doctorate),NA,NA,NA,NA,NA,NA,NA,NA,NA,NA,NA,NA,NA,NA,NA,NA,NA,NA,22,3,15,40,5,16,8,33,20,16,5,10,NA,45,7,2,10,20,NA,NA,NA,NA,NA,NA,NA,NA,NA,NA,NA,NA,NA,NA,NA,NA,NA,NA,55611e71b358a30158c61810ad802435,reddit
2018-02-04T20:33:55Z,2018-02-04T20:39:13Z,IP Address,0ab65c20af460c021df8cc0a66092140,100,317,True,2018-02-04T20:39:13Z,R_TeimswfCF9v2TXX,55611e71b358a30158c61810ad802435,55611e71b358a30158c61810ad802435,55611e71b358a30158c61810ad802435,NA,29.99486310456995,-95.59198735317672,anonymous,EN,45 - 54,NA,College Graduate (Bachelor's),0.3,0.15,0.2,0.33,0.2,..10,0.25,0.33,0.12,0.15,0.2,0.34,0.35,0.15,0.25,0.2,0.25,0.35,NA,NA,NA,NA,NA,NA,NA,NA,NA,NA,NA,NA,NA,NA,NA,NA,NA,NA,NA,NA,NA,NA,NA,NA,NA,NA,NA,NA,NA,NA,NA,NA,NA,NA,NA,NA,55611e71b358a30158c61810ad802435,reddit
2018-02-04T23:02:21Z,2018-02-04T23:06:15Z,IP Address,fa162e0839e16d84743f1a5711ff16d2,100,234,True,2018-02-04T23:06:16Z,R_1fmh83y8El01grc,55611e71b358a30158c61810ad802435,55611e71b358a30158c61810ad802435,55611e71b358a30158c61810ad802435,NA,42.883797961073384,-85.52467362504879,anonymous,EN,18 - 24,NA,Some college education,25,7,12,33,23,10,58,30,2,17,5,18,25,8,20,14,25,24,NA,NA,NA,NA,NA,NA,NA,NA,NA,NA,NA,NA,NA,NA,NA,NA,NA,NA,NA,NA,NA,NA,NA,NA,NA,NA,NA,NA,NA,NA,NA,NA,NA,NA,NA,NA,55611e71b358a30158c61810ad802435,reddit
2018-02-04T19:11:00Z,2018-02-04T19:14:31Z,IP Address,e04165301b4c7ea8e30cbe19bc11195e,1,210,False,2018-02-04T23:11:35Z,R_6EG0aXlthdqxz4B,55611e71b358a30158c61810ad802435,55611e71b358a30158c61810ad802435,55611e71b358a30158c61810ad802435,NA,NA,NA,anonymous,EN,NA,NA,NA,NA,NA,NA,NA,NA,NA,NA,NA,NA,NA,NA,NA,NA,NA,NA,NA,NA,NA,NA,NA,NA,NA,NA,NA,NA,NA,NA,NA,NA,NA,NA,NA,NA,NA,NA,NA,NA,NA,NA,NA,NA,NA,NA,NA,NA,NA,NA,NA,NA,NA,NA,NA,NA,NA,55611e71b358a30158c61810ad802435,reddit
2018-02-04T19:48:46Z,2018-02-04T19:50:46Z,IP Address,f054318678f7649b0a8b2f913940b209,77,120,False,2018-02-04T23:48:53Z,R_2SuU63CXgganlfH,55611e71b358a30158c61810ad802435,55611e71b358a30158c61810ad802435,55611e71b358a30158c61810ad802435,NA,NA,NA,anonymous,EN,25 - 34,NA,College Graduate (Bachelor's),NA,NA,NA,NA,NA,NA,NA,NA,NA,NA,NA,NA,NA,NA,NA,NA,NA,NA,NA,NA,NA,5,3,22,NA,NA,NA,NA,NA,NA,26,20,NA,NA,NA,NA,NA,NA,NA,NA,NA,NA,NA,NA,NA,NA,NA,NA,NA,NA,NA,NA,NA,NA,55611e71b358a30158c61810ad802435,reddit
2018-02-05T00:36:32Z,2018-02-05T00:44:37Z,IP Address,38b52dcaf609b5f4c1a6376789de0a30,100,485,True,2018-02-05T00:44:37Z,R_BLAi7XY5NCCa8G5,55611e71b358a30158c61810ad802435,55611e71b358a30158c61810ad802435,55611e71b358a30158c61810ad802435,NA,43.851643611042924,-79.57405894305933,anonymous,EN,35 - 44,NA,College Graduate (Bachelor's),NA,NA,NA,NA,NA,NA,NA,NA,NA,NA,NA,NA,NA,NA,NA,NA,NA,NA,22,2,17,45,8,12,12,33,22,26,5,7,25,20,8,33,NA,26,NA,NA,NA,NA,NA,NA,NA,NA,NA,NA,NA,NA,NA,NA,NA,NA,NA,NA,55611e71b358a30158c61810ad802435,reddit
2018-02-04T20:55:35Z,2018-02-04T20:55:50Z,IP Address,a0a600aea795b12add5a28c30f89ed73,1,15,False,2018-02-05T00:56:21Z,R_1rCWPhUP7Z2qDxF,55611e71b358a30158c61810ad802435,55611e71b358a30158c61810ad802435,55611e71b358a30158c61810ad802435,NA,NA,NA,anonymous,EN,NA,NA,NA,NA,NA,NA,NA,NA,NA,NA,NA,NA,NA,NA,NA,NA,NA,NA,NA,NA,NA,NA,NA,NA,NA,NA,NA,NA,NA,NA,NA,NA,NA,NA,NA,NA,NA,NA,NA,NA,NA,NA,NA,NA,NA,NA,NA,NA,NA,NA,NA,NA,NA,NA,NA,NA,NA,55611e71b358a30158c61810ad802435,reddit
2018-02-05T02:06:46Z,2018-02-05T02:11:43Z,IP Address,9eda831a0300d2d9e4d2a42a5ec3d5a6,100,296,True,2018-02-05T02:11:43Z,R_vI9XXOaR3lhhELT,55611e71b358a30158c61810ad802435,55611e71b358a30158c61810ad802435,55611e71b358a30158c61810ad802435,NA,50.9963552012448,13.809715697568995,anonymous,EN,18 - 24,NA,College Graduate (Bachelor's),NA,NA,NA,NA,NA,NA,NA,NA,NA,NA,NA,NA,NA,NA,NA,NA,NA,NA,NA,NA,NA,NA,NA,NA,NA,NA,NA,NA,NA,NA,NA,NA,NA,NA,NA,NA,20,9,18,21,7,13,15,30,15,30,15,22,30,30,10,30,27,17,55611e71b358a30158c61810ad802435,reddit
2018-02-04T22:40:09Z,2018-02-04T22:41:56Z,IP Address,4e1a287dc7eb2bd8e2451f6da41237f2,68,106,False,2018-02-05T02:40:16Z,R_27rosUJ8dG2B0Cb,55611e71b358a30158c61810ad802435,55611e71b358a30158c61810ad802435,55611e71b358a30158c61810ad802435,NA,NA,NA,anonymous,EN,25 - 34,NA,College Graduate (Master's or Doctorate),NA,NA,NA,NA,NA,NA,NA,NA,NA,NA,NA,NA,NA,NA,NA,NA,NA,NA,NA,NA,NA,NA,NA,NA,NA,NA,NA,NA,NA,NA,NA,NA,NA,NA,NA,NA,NA,NA,NA,NA,NA,NA,NA,NA,NA,NA,NA,NA,NA,NA,NA,NA,NA,NA,55611e71b358a30158c61810ad802435,reddit
2018-02-04T22:40:30Z,2018-02-04T22:43:28Z,IP Address,27be15a6b5495360333fa3eb43be2ac4,86,178,False,2018-02-05T02:40:32Z,R_1OZEtmnOmUjGCuI,55611e71b358a30158c61810ad802435,55611e71b358a30158c61810ad802435,55611e71b358a30158c61810ad802435,NA,NA,NA,anonymous,EN,18 - 24,NA,High School Graduate,NA,NA,NA,NA,NA,NA,NA,NA,NA,NA,NA,NA,NA,NA,NA,NA,NA,NA,NA,NA,NA,NA,NA,NA,NA,NA,NA,NA,NA,NA,NA,NA,NA,NA,NA,NA,NA,NA,NA,NA,NA,NA,15,35,10,30,15,22,42,20,3,30,NA,NA,55611e71b358a30158c61810ad802435,reddit
2018-02-05T02:42:18Z,2018-02-05T02:48:26Z,IP Address,55c312e70f5d220ed4a9f38a665a2a55,100,367,True,2018-02-05T02:48:27Z,R_xztg2XhxHQVUyGt,55611e71b358a30158c61810ad802435,55611e71b358a30158c61810ad802435,55611e71b358a30158c61810ad802435,NA,53.32777962314566,-2.1482781318470376,anonymous,EN,35 - 44,NA,College Graduate (Master's or Doctorate),16,3,13,33,21,10,28,31,NA,NA,5,13,35,10,15,8,30,20,NA,NA,NA,NA,NA,NA,NA,NA,NA,NA,NA,NA,NA,NA,NA,NA,NA,NA,NA,NA,NA,NA,NA,NA,NA,NA,NA,NA,NA,NA,NA,NA,NA,NA,NA,NA,55611e71b358a30158c61810ad802435,reddit
2018-02-05T02:45:39Z,2018-02-05T02:49:09Z,IP Address,25a9eee670f76cb7239ac994b9eb7dc2,100,210,True,2018-02-05T02:49:10Z,R_3OA7nRyC5RL59At,55611e71b358a30158c61810ad802435,55611e71b358a30158c61810ad802435,55611e71b358a30158c61810ad802435,NA,-34.04413005014058,18.4745409017801,anonymous,EN,25 - 34,NA,College Graduate (Bachelor's),20,4,10,35,15,7,30,30,4,18,5,20,40,5,20,6,15,25,NA,NA,NA,NA,NA,NA,NA,NA,NA,NA,NA,NA,NA,NA,NA,NA,NA,NA,NA,NA,NA,NA,NA,NA,NA,NA,NA,NA,NA,NA,NA,NA,NA,NA,NA,NA,55611e71b358a30158c61810ad802435,reddit
2018-02-05T00:34:04Z,2018-02-05T00:35:41Z,IP Address,2993da8ad6c4ec4c7ab1c83f8429f83c,78,97,False,2018-02-05T04:34:07Z,R_V3BXXUmHtOxoXQd,55611e71b358a30158c61810ad802435,55611e71b358a30158c61810ad802435,55611e71b358a30158c61810ad802435,NA,NA,NA,anonymous,EN,18 - 24,NA,Some college education,NA,NA,NA,NA,NA,NA,NA,NA,NA,NA,NA,NA,NA,NA,NA,NA,NA,NA,NA,NA,NA,NA,NA,NA,10,35,18,20,5,15,NA,NA,NA,NA,NA,NA,NA,NA,NA,NA,NA,NA,NA,NA,NA,NA,NA,NA,NA,NA,NA,NA,NA,NA,55611e71b358a30158c61810ad802435,reddit
2018-02-05T01:13:40Z,2018-02-05T01:13:47Z,IP Address,228346e45c4bdf9398fae100fb628c75,1,6,False,2018-02-05T05:13:59Z,R_1eVmY4ZA24Ltnhg,55611e71b358a30158c61810ad802435,55611e71b358a30158c61810ad802435,55611e71b358a30158c61810ad802435,NA,NA,NA,anonymous,EN,NA,NA,NA,NA,NA,NA,NA,NA,NA,NA,NA,NA,NA,NA,NA,NA,NA,NA,NA,NA,NA,NA,NA,NA,NA,NA,NA,NA,NA,NA,NA,NA,NA,NA,NA,NA,NA,NA,NA,NA,NA,NA,NA,NA,NA,NA,NA,NA,NA,NA,NA,NA,NA,NA,NA,NA,NA,55611e71b358a30158c61810ad802435,reddit
2018-02-05T05:34:03Z,2018-02-05T05:37:20Z,IP Address,3f0c88a77d366fec5153d9e256e6dff6,100,196,True,2018-02-05T05:37:20Z,R_1DAtSMDsFOYB41U,55611e71b358a30158c61810ad802435,55611e71b358a30158c61810ad802435,55611e71b358a30158c61810ad802435,NA,38.82171523679772,-76.93694424954462,anonymous,EN,35 - 44,NA,College Graduate (Master's or Doctorate),10,2,5,30,20,10,25,35,5,20,10,5,40,10,15,10,30,20,NA,NA,NA,NA,NA,NA,NA,NA,NA,NA,NA,NA,NA,NA,NA,NA,NA,NA,NA,NA,NA,NA,NA,NA,NA,NA,NA,NA,NA,NA,NA,NA,NA,NA,NA,NA,55611e71b358a30158c61810ad802435,reddit
2018-02-05T03:10:37Z,2018-02-05T03:10:47Z,IP Address,3f8c0db6f944011786a88190904f872a,1,9,False,2018-02-05T07:10:52Z,R_1LMvHfVnLea8x0d,55611e71b358a30158c61810ad802435,55611e71b358a30158c61810ad802435,55611e71b358a30158c61810ad802435,NA,NA,NA,anonymous,EN,18 - 24,NA,NA,NA,NA,NA,NA,NA,NA,NA,NA,NA,NA,NA,NA,NA,NA,NA,NA,NA,NA,NA,NA,NA,NA,NA,NA,NA,NA,NA,NA,NA,NA,NA,NA,NA,NA,NA,NA,NA,NA,NA,NA,NA,NA,NA,NA,NA,NA,NA,NA,NA,NA,NA,NA,NA,NA,55611e71b358a30158c61810ad802435,reddit
2018-02-05T04:33:18Z,2018-02-05T04:36:27Z,IP Address,716d26ee63ec237c4887c8cc78d76517,77,189,False,2018-02-05T08:33:35Z,R_2fJVFBuDuCOqhiM,55611e71b358a30158c61810ad802435,55611e71b358a30158c61810ad802435,55611e71b358a30158c61810ad802435,NA,NA,NA,anonymous,EN,35 - 44,NA,Some college education,NA,NA,NA,NA,NA,NA,NA,NA,NA,NA,NA,NA,NA,NA,NA,NA,NA,NA,NA,NA,NA,NA,NA,NA,NA,NA,NA,NA,NA,NA,NA,NA,NA,NA,NA,NA,95,NA,NA,50,10,50,NA,NA,NA,NA,NA,NA,NA,NA,NA,NA,NA,NA,55611e71b358a30158c61810ad802435,reddit
2018-02-05T05:19:20Z,2018-02-05T05:21:32Z,IP Address,4a1c09781aa9141f796e2562c3e037a0,84,131,False,2018-02-05T09:19:21Z,R_1rvjQ6Yw3wixF6t,55611e71b358a30158c61810ad802435,55611e71b358a30158c61810ad802435,55611e71b358a30158c61810ad802435,NA,NA,NA,anonymous,EN,25 - 34,NA,College Graduate (Bachelor's),NA,NA,NA,NA,NA,NA,NA,NA,NA,NA,NA,NA,NA,NA,NA,NA,NA,NA,NA,NA,NA,40,6,11,NA,NA,NA,14,5,11,NA,NA,NA,35,4,26,NA,NA,NA,NA,NA,NA,NA,NA,NA,NA,NA,NA,NA,NA,NA,NA,NA,NA,55611e71b358a30158c61810ad802435,reddit
2018-02-05T12:40:42Z,2018-02-05T12:44:14Z,IP Address,09c4b7ead975710ae0e6f6cbb72898c1,100,211,True,2018-02-05T12:44:15Z,R_siYhDhlG2dlraRb,55611e71b358a30158c61810ad802435,55611e71b358a30158c61810ad802435,55611e71b358a30158c61810ad802435,NA,36.2079087382604,-86.54599193733365,anonymous,EN,35 - 44,Male,College Graduate (Master's or Doctorate),NA,NA,NA,NA,NA,NA,NA,NA,NA,NA,NA,NA,NA,NA,NA,NA,NA,NA,20,5,15,50,5,15,8,30,18,12,5,5,15,15,8,35,5,25,NA,NA,NA,NA,NA,NA,NA,NA,NA,NA,NA,NA,NA,NA,NA,NA,NA,NA,3c76a60ed87187819dceedc62bae456b,reddit
2018-02-05T16:23:36Z,2018-02-05T16:27:00Z,IP Address,3f722164255415bd07414fd632a7e8ce,100,203,True,2018-02-05T16:27:01Z,R_3nMZHGSWniSrplE,55611e71b358a30158c61810ad802435,55611e71b358a30158c61810ad802435,55611e71b358a30158c61810ad802435,NA,47.40970554908462,-122.01493052245031,anonymous,EN,35 - 44,Male,Some college education,20,15,20,20,15,5,25,30,1,100,10,30,100,10,20,10,100,30,NA,NA,NA,NA,NA,NA,NA,NA,NA,NA,NA,NA,NA,NA,NA,NA,NA,NA,NA,NA,NA,NA,NA,NA,NA,NA,NA,NA,NA,NA,NA,NA,NA,NA,NA,NA,2a6ced3fe167ef28465bb19a03fac535,reddit
2018-02-05T14:06:20Z,2018-02-05T14:06:34Z,IP Address,716d26ee63ec237c4887c8cc78d76517,1,13,False,2018-02-05T18:06:25Z,R_2Et95YCnOxDavm4,55611e71b358a30158c61810ad802435,55611e71b358a30158c61810ad802435,55611e71b358a30158c61810ad802435,NA,NA,NA,anonymous,EN,35 - 44,NA,NA,NA,NA,NA,NA,NA,NA,NA,NA,NA,NA,NA,NA,NA,NA,NA,NA,NA,NA,NA,NA,NA,NA,NA,NA,NA,NA,NA,NA,NA,NA,NA,NA,NA,NA,NA,NA,NA,NA,NA,NA,NA,NA,NA,NA,NA,NA,NA,NA,NA,NA,NA,NA,NA,NA,55611e71b358a30158c61810ad802435,reddit
2018-02-05T15:45:12Z,2018-02-05T15:47:33Z,IP Address,ba54d8c1d6062e62ac9ae53c4e8e2b6a,87,141,False,2018-02-05T19:46:05Z,R_2Sxxz7ewDC4pj6w,55611e71b358a30158c61810ad802435,55611e71b358a30158c61810ad802435,55611e71b358a30158c61810ad802435,NA,NA,NA,anonymous,EN,18 - 24,Female,College Graduate (Bachelor's),NA,NA,NA,NA,NA,NA,NA,NA,NA,NA,NA,NA,NA,NA,NA,NA,NA,NA,NA,NA,NA,NA,NA,NA,NA,NA,NA,NA,NA,NA,NA,NA,NA,NA,NA,NA,18%,7%,15%,NA,NA,NA,15%,40%,NA,29%,15%,20%,NA,NA,NA,35%,10%,10%,55611e71b358a30158c61810ad802435,reddit
2018-02-06T07:40:13Z,2018-02-06T07:43:18Z,IP Address,7e3407132993234ca75026c6cdc4897f,100,184,True,2018-02-06T07:43:18Z,R_R47KG30jOOkdL4l,55611e71b358a30158c61810ad802435,55611e71b358a30158c61810ad802435,55611e71b358a30158c61810ad802435,NA,55.62502717868536,12.093909279338048,anonymous,EN,35 - 44,Other,College Graduate (Master's or Doctorate),NA,NA,NA,NA,NA,NA,NA,NA,NA,NA,NA,NA,NA,NA,NA,NA,NA,NA,15,5,15,45,5,15,7,30,20,20,5,0,20,0,15,30,0,26,NA,NA,NA,NA,NA,NA,NA,NA,NA,NA,NA,NA,NA,NA,NA,NA,NA,NA,52df25f6b4b6ff51f661a5608d1cddfb,reddit
2018-02-06T07:45:40Z,2018-02-06T07:50:02Z,IP Address,c73d93e04438ae1be014c7f12341abf9,100,261,True,2018-02-06T07:50:03Z,R_sNJvv89XKB4nbSV,55611e71b358a30158c61810ad802435,55611e71b358a30158c61810ad802435,55611e71b358a30158c61810ad802435,NA,45.11881237262561,-66.05526987521198,anonymous,EN,25 - 34,Male,Some college education,NA,NA,NA,NA,NA,NA,NA,NA,NA,NA,NA,NA,NA,NA,NA,NA,NA,NA,25,?,12.5,45,5,10,10,33,20,NA,NA,100,25,100,12.5,~30,100,25,NA,NA,NA,NA,NA,NA,NA,NA,NA,NA,NA,NA,NA,NA,NA,NA,NA,NA,e8af6f672cc3b2f63dfb4b2e246d37e6,reddit
2018-02-06T07:55:00Z,2018-02-06T08:00:15Z,IP Address,32d16bd590b8218f122b3f98ee4e6ed2,100,314,True,2018-02-06T08:00:16Z,R_Og0UVxMeHIIUunn,55611e71b358a30158c61810ad802435,55611e71b358a30158c61810ad802435,55611e71b358a30158c61810ad802435,NA,48.16953602286405,11.630133922972531,anonymous,EN,18 - 24,Male,Some college education,20,4,10,30,22,12,30,28,3,25,4,17,50,5,10,17,33,20,NA,NA,NA,NA,NA,NA,NA,NA,NA,NA,NA,NA,NA,NA,NA,NA,NA,NA,NA,NA,NA,NA,NA,NA,NA,NA,NA,NA,NA,NA,NA,NA,NA,NA,NA,NA,00f716eeabd390182a8afa91e96ffb2a,reddit
2018-02-06T08:33:05Z,2018-02-06T08:39:43Z,IP Address,b0fd9f4dcb490cdb20924e07ce44cda7,100,397,True,2018-02-06T08:39:43Z,R_3oFsk2hDW9XBf8L,55611e71b358a30158c61810ad802435,55611e71b358a30158c61810ad802435,55611e71b358a30158c61810ad802435,NA,45.772370582972535,8.94341507823302,anonymous,EN,25 - 34,Male,College Graduate (Master's or Doctorate),19,17,22,24,18,11,23,21,5,24,15,31,40,7,18,16,33,26,NA,NA,NA,NA,NA,NA,NA,NA,NA,NA,NA,NA,NA,NA,NA,NA,NA,NA,NA,NA,NA,NA,NA,NA,NA,NA,NA,NA,NA,NA,NA,NA,NA,NA,NA,NA,9888b4bac0e654cc0b3a8261bebb5bf2,reddit
2018-02-06T09:46:00Z,2018-02-06T09:49:07Z,IP Address,dd91bdf7699cfff000c1edb9191e2be0,100,187,True,2018-02-06T09:49:08Z,R_3iWGVGE52eXAdFj,55611e71b358a30158c61810ad802435,55611e71b358a30158c61810ad802435,55611e71b358a30158c61810ad802435,NA,41.8842296364188,-87.69644775754352,anonymous,EN,35 - 44,Male,College Graduate (Bachelor's),NA,NA,NA,NA,NA,NA,NA,NA,NA,NA,NA,NA,NA,NA,NA,NA,NA,NA,NA,NA,NA,NA,NA,NA,NA,NA,NA,NA,NA,NA,NA,NA,NA,NA,NA,NA,21,5,17,17,5,15,12,27,15,30,16,23,40,1,3,34,16,8,63216b25ca025694f37114fd3f8bff6d,reddit
2018-02-06T09:55:49Z,2018-02-06T09:59:19Z,IP Address,1bfd7acae08512c745e4eb1eac15fb1e,100,210,True,2018-02-06T09:59:20Z,R_OC1jYeggHVK4lMd,55611e71b358a30158c61810ad802435,55611e71b358a30158c61810ad802435,55611e71b358a30158c61810ad802435,NA,30.655780047822997,-96.3320715100095,anonymous,EN,18 - 24,Female,Some college education,NA,NA,NA,NA,NA,NA,NA,NA,NA,NA,NA,NA,NA,NA,NA,NA,NA,NA,20,5,15,45,7,10,10,30,20,15,10,20,7,30,7,40,0.5,25,NA,NA,NA,NA,NA,NA,NA,NA,NA,NA,NA,NA,NA,NA,NA,NA,NA,NA,5d407afabe9c8cd47bcad4f3345e8249,reddit
2018-02-06T10:15:35Z,2018-02-06T10:21:35Z,IP Address,4ad2b722ddab1b75261cf59f46a9d19a,100,359,True,2018-02-06T10:21:36Z,R_3dZcaUnA4BhXj5c,55611e71b358a30158c61810ad802435,55611e71b358a30158c61810ad802435,55611e71b358a30158c61810ad802435,NA,53.62100210024476,9.968165099120474,anonymous,EN,25 - 34,Male,College Graduate (Master's or Doctorate),NA,NA,NA,NA,NA,NA,NA,NA,NA,NA,NA,NA,NA,NA,NA,NA,NA,NA,25,5,12,49,12,17,15,33,20,15,3,15,10,25,8,30,10,20,NA,NA,NA,NA,NA,NA,NA,NA,NA,NA,NA,NA,NA,NA,NA,NA,NA,NA,a08a0b14544d25d778826da55f74ccb1,reddit
2018-02-06T10:29:56Z,2018-02-06T10:32:06Z,IP Address,05c0a3fbced0254467cf651096eec15e,100,129,True,2018-02-06T10:32:06Z,R_xtjzlIGH5Oj5KJX,55611e71b358a30158c61810ad802435,55611e71b358a30158c61810ad802435,55611e71b358a30158c61810ad802435,NA,42.20563043941535,-92.03261747152146,anonymous,EN,18 - 24,Male,High School Graduate,NA,NA,NA,NA,NA,NA,NA,NA,NA,NA,NA,NA,NA,NA,NA,NA,NA,NA,NA,NA,NA,NA,NA,NA,NA,NA,NA,NA,NA,NA,NA,NA,NA,NA,NA,NA,15,3,10,10,3,10,10,30,5,28,15,15,25,10,3,35,10,8,2e23d4a61baec1a37e70657f71fa029d,reddit
2018-02-06T07:57:41Z,2018-02-06T07:59:29Z,IP Address,23a57775cf4e6d789f1f0fd26dff24a8,75,107,False,2018-02-06T11:57:48Z,R_22QUnfLDYWuzlnU,55611e71b358a30158c61810ad802435,55611e71b358a30158c61810ad802435,55611e71b358a30158c61810ad802435,NA,NA,NA,anonymous,EN,18 - 24,Male,College Graduate (Bachelor's),NA,NA,NA,NA,NA,NA,NA,NA,NA,NA,NA,NA,NA,NA,NA,NA,NA,NA,NA,NA,NA,NA,NA,NA,NA,NA,NA,NA,NA,NA,NA,NA,NA,NA,NA,NA,NA,NA,NA,NA,NA,NA,NA,NA,NA,NA,NA,NA,38,4,4,NA,NA,NA,55611e71b358a30158c61810ad802435,reddit
2018-02-06T11:55:50Z,2018-02-06T12:07:08Z,IP Address,2136e5b88b84d0bed14ada3ec61b99cb,100,677,True,2018-02-06T12:07:08Z,R_22FASDulbmeMhVA,55611e71b358a30158c61810ad802435,55611e71b358a30158c61810ad802435,55611e71b358a30158c61810ad802435,NA,51.38988871206076,-0.5737789149331864,anonymous,EN,18 - 24,Female,College Graduate (Bachelor's),NA,NA,NA,NA,NA,NA,NA,NA,NA,NA,NA,NA,NA,NA,NA,NA,NA,NA,30,20,25,48,50,15,7,30,12,25,5,8,20,15,8,35,2,26,NA,NA,NA,NA,NA,NA,NA,NA,NA,NA,NA,NA,NA,NA,NA,NA,NA,NA,f4465b6de55edc14394b09a11ce29b29,reddit
2018-02-06T12:14:32Z,2018-02-06T12:18:07Z,IP Address,7879696ce32f6e0c643e7d4b94f41855,100,215,True,2018-02-06T12:18:08Z,R_2XnzLuZitdKKknI,55611e71b358a30158c61810ad802435,55611e71b358a30158c61810ad802435,55611e71b358a30158c61810ad802435,NA,50.24514878395761,-5.31096008405421,anonymous,EN,18 - 24,Female,Some college education,20,18,20,30,17,8,28,30,6,10,15,35,25,6,17,19,20,29,NA,NA,NA,NA,NA,NA,NA,NA,NA,NA,NA,NA,NA,NA,NA,NA,NA,NA,NA,NA,NA,NA,NA,NA,NA,NA,NA,NA,NA,NA,NA,NA,NA,NA,NA,NA,562f54fcf03d7860dc1278c6c0dcaf1c,reddit
2018-02-06T12:31:39Z,2018-02-06T12:37:51Z,IP Address,348a335e2605e91e71a8aa210131be66,100,372,True,2018-02-06T12:37:52Z,R_2zcPnxeZ5F1xnuw,55611e71b358a30158c61810ad802435,55611e71b358a30158c61810ad802435,55611e71b358a30158c61810ad802435,NA,48.970448764371035,9.207220318573489,anonymous,EN,18 - 24,Male,High School Graduate,NA,NA,NA,NA,NA,NA,NA,NA,NA,NA,NA,NA,NA,NA,NA,NA,NA,NA,30,3,NA,45,5,20,NA,66,20,20,5,5,25,15,10,33,0,26,NA,NA,NA,NA,NA,NA,NA,NA,NA,NA,NA,NA,NA,NA,NA,NA,NA,NA,808f4813ef063fe25d0d0df147ac897f,reddit
2018-02-06T12:52:10Z,2018-02-06T12:55:55Z,IP Address,66804cae1814b145d342eca5484d9716,100,224,True,2018-02-06T12:55:55Z,R_DzW8bw9IgPBn9ct,55611e71b358a30158c61810ad802435,55611e71b358a30158c61810ad802435,55611e71b358a30158c61810ad802435,NA,43.736683875137665,-79.29994183809525,anonymous,EN,25 - 34,Male,College Graduate (Master's or Doctorate),20,4,12,28,23,8,28,27,2,12,5,14,35,7,13,15,15,12,NA,NA,NA,NA,NA,NA,NA,NA,NA,NA,NA,NA,NA,NA,NA,NA,NA,NA,NA,NA,NA,NA,NA,NA,NA,NA,NA,NA,NA,NA,NA,NA,NA,NA,NA,NA,6d763d2c6f090d0c4b8c9b9f023ee8db,reddit
2018-02-06T13:09:09Z,2018-02-06T13:11:27Z,IP Address,cb6eb10e573ce4df198c41a4295d9699,100,138,True,2018-02-06T13:11:28Z,R_OqiRdbdo9v7b4IN,55611e71b358a30158c61810ad802435,55611e71b358a30158c61810ad802435,55611e71b358a30158c61810ad802435,NA,51.63077699543205,-0.18027668374797054,anonymous,EN,18 - 24,Male,Some college education,NA,NA,NA,NA,NA,NA,NA,NA,NA,NA,NA,NA,NA,NA,NA,NA,NA,NA,NA,NA,NA,NA,NA,NA,NA,NA,NA,NA,NA,NA,NA,NA,NA,NA,NA,NA,20,9,19,10,NA,15,15,30,5,30,15,20,40,5,5,45,0.5,10,2f05bf6475f84b712e8cbfe988bc5673,reddit
2018-02-06T10:40:32Z,2018-02-06T10:41:50Z,IP Address,35672e1547adcf89d5ed37b8ff31260c,73,78,False,2018-02-06T14:40:50Z,R_22VptepdGlnmYV6,55611e71b358a30158c61810ad802435,55611e71b358a30158c61810ad802435,55611e71b358a30158c61810ad802435,NA,NA,NA,anonymous,EN,18 - 24,Female,Some college education,25,15,25,NA,NA,NA,NA,NA,NA,NA,NA,NA,NA,NA,NA,NA,NA,NA,NA,NA,NA,NA,NA,NA,NA,NA,NA,NA,NA,NA,NA,NA,NA,NA,NA,NA,NA,NA,NA,NA,NA,NA,NA,NA,NA,NA,NA,NA,NA,NA,NA,NA,NA,NA,55611e71b358a30158c61810ad802435,reddit
2018-02-06T15:01:47Z,2018-02-06T15:05:34Z,IP Address,1ba7118e7eb7d20ee47316dca0441c7a,100,226,True,2018-02-06T15:05:35Z,R_1mwvXcPff6YmI4V,55611e71b358a30158c61810ad802435,55611e71b358a30158c61810ad802435,55611e71b358a30158c61810ad802435,NA,43.9283674527381,-122.99469303086805,anonymous,EN,18 - 24,Female,Some college education,NA,NA,NA,NA,NA,NA,NA,NA,NA,NA,NA,NA,NA,NA,NA,NA,NA,NA,20,5,15,40,5,10,15,33,15,20,5,10,14,30,10,66,66,27,NA,NA,NA,NA,NA,NA,NA,NA,NA,NA,NA,NA,NA,NA,NA,NA,NA,NA,dc82e8df8cb75f026f66a941072a3207,reddit
2018-02-06T11:11:52Z,2018-02-06T11:12:34Z,IP Address,02165d3bc977c54e6f4f1f08c5911a54,69,41,False,2018-02-06T15:12:05Z,R_1DG37DcGmlCY319,55611e71b358a30158c61810ad802435,55611e71b358a30158c61810ad802435,55611e71b358a30158c61810ad802435,NA,NA,NA,anonymous,EN,25 - 34,Female,Some college education,NA,NA,NA,NA,NA,NA,NA,NA,NA,NA,NA,NA,NA,NA,NA,NA,NA,NA,NA,NA,NA,NA,NA,NA,NA,NA,NA,NA,NA,NA,NA,NA,NA,NA,NA,NA,NA,NA,NA,NA,NA,NA,NA,NA,NA,NA,NA,NA,NA,NA,NA,25,NA,NA,55611e71b358a30158c61810ad802435,reddit
2018-02-06T15:55:37Z,2018-02-06T16:01:52Z,IP Address,b71a5d4df4e3dd91290287d3a3a9f695,100,374,True,2018-02-06T16:01:52Z,R_1gI1f9mYvfF8igN,55611e71b358a30158c61810ad802435,55611e71b358a30158c61810ad802435,55611e71b358a30158c61810ad802435,NA,47.40594594324569,4.998821918108734,anonymous,EN,25 - 34,Male,College Graduate (Master's or Doctorate),NA,NA,NA,NA,NA,NA,NA,NA,NA,NA,NA,NA,NA,NA,NA,NA,NA,NA,NA,NA,NA,NA,NA,NA,NA,NA,NA,NA,NA,NA,NA,NA,NA,NA,NA,NA,15,4,NA,33,NA,10,10,35,6,27,13,23,28,20,3,33,33,13,3256d97ce0a04d427f5ea67d4ea942a8,reddit
2018-02-06T13:25:08Z,2018-02-06T13:26:59Z,IP Address,e63b4ff724261d34aed00ad0c243cb66,77,110,False,2018-02-06T17:25:26Z,R_xD98iZAArTA5pRL,55611e71b358a30158c61810ad802435,55611e71b358a30158c61810ad802435,55611e71b358a30158c61810ad802435,NA,NA,NA,anonymous,EN,18 - 24,Other,Some high school education,NA,NA,NA,25,15,7,NA,NA,NA,NA,NA,NA,35,NA,NA,NA,NA,NA,NA,NA,NA,NA,NA,NA,NA,NA,NA,NA,NA,NA,NA,NA,NA,NA,NA,NA,NA,NA,NA,NA,NA,NA,NA,NA,NA,NA,NA,NA,NA,NA,NA,NA,NA,NA,55611e71b358a30158c61810ad802435,reddit
2018-02-06T18:30:06Z,2018-02-06T18:37:27Z,IP Address,bbe52161b4bd18aa1873f047d23d9e22,100,441,True,2018-02-06T18:37:28Z,R_CdFVFPg5zhG8wyB,55611e71b358a30158c61810ad802435,55611e71b358a30158c61810ad802435,55611e71b358a30158c61810ad802435,NA,40.61427025076471,-95.84460399267596,anonymous,EN,25 - 34,Male,College Graduate (Bachelor's),15,2,10,22,15,5,25,30,4,10,15,20,18,10,20,12,10,25,NA,NA,NA,NA,NA,NA,NA,NA,NA,NA,NA,NA,NA,NA,NA,NA,NA,NA,NA,NA,NA,NA,NA,NA,NA,NA,NA,NA,NA,NA,NA,NA,NA,NA,NA,NA,aef76f8eaa27321cd54c364e4fb72d11,reddit
2018-02-06T16:02:06Z,2018-02-06T16:02:17Z,IP Address,b71a5d4df4e3dd91290287d3a3a9f695,1,10,False,2018-02-06T20:02:42Z,R_31csVSa7fTr8Wv5,55611e71b358a30158c61810ad802435,55611e71b358a30158c61810ad802435,55611e71b358a30158c61810ad802435,NA,NA,NA,anonymous,EN,25 - 34,NA,NA,NA,NA,NA,NA,NA,NA,NA,NA,NA,NA,NA,NA,NA,NA,NA,NA,NA,NA,NA,NA,NA,NA,NA,NA,NA,NA,NA,NA,NA,NA,NA,NA,NA,NA,NA,NA,NA,NA,NA,NA,NA,NA,NA,NA,NA,NA,NA,NA,NA,NA,NA,NA,NA,NA,55611e71b358a30158c61810ad802435,reddit
2018-02-06T22:52:10Z,2018-02-06T22:53:02Z,IP Address,350622c1b498b02d82a07064cc0d8346,69,51,False,2018-02-07T02:52:50Z,R_2XdkYC1Lk3pxICT,55611e71b358a30158c61810ad802435,55611e71b358a30158c61810ad802435,55611e71b358a30158c61810ad802435,NA,NA,NA,anonymous,EN,55 - 64,Other,Some college education,NA,NA,NA,NA,NA,NA,NA,NA,NA,NA,NA,NA,NA,NA,NA,NA,NA,NA,NA,NA,NA,NA,NA,NA,NA,NA,NA,NA,NA,NA,NA,NA,NA,NA,NA,NA,NA,NA,NA,NA,NA,NA,NA,NA,NA,NA,NA,NA,NA,NA,NA,NA,NA,NA,55611e71b358a30158c61810ad802435,reddit
2018-02-07T00:09:24Z,2018-02-07T00:09:32Z,IP Address,ba1d4ce239f5641608059f66249cce25,1,8,False,2018-02-07T04:09:51Z,R_zbOqYJXKKY3LBgR,55611e71b358a30158c61810ad802435,55611e71b358a30158c61810ad802435,55611e71b358a30158c61810ad802435,NA,NA,NA,anonymous,EN,18 - 24,NA,NA,NA,NA,NA,NA,NA,NA,NA,NA,NA,NA,NA,NA,NA,NA,NA,NA,NA,NA,NA,NA,NA,NA,NA,NA,NA,NA,NA,NA,NA,NA,NA,NA,NA,NA,NA,NA,NA,NA,NA,NA,NA,NA,NA,NA,NA,NA,NA,NA,NA,NA,NA,NA,NA,NA,55611e71b358a30158c61810ad802435,reddit
